[
    {
      "name": "Dimension X",
      "description": "Hero",
      "imageURL": "https://dl.openseauserdata.com/cache/originImage/files/29eb6c20baec7fecd4f058bf76f8a8b0.gif",
      "rating": 5,
      "price": "0.05ETH",
      "link": "Product.html"
    },
    {
      "name": "0N1 Force",
      "description": "ON",
      "imageURL": "https://dl.openseauserdata.com/cache/originImage/files/6b1eeadbf1294179641668ddd71e2965.png",
      "rating": 5,
      "price": "0.05ETH",
      "link": "Product2.html"
    },
    {
      "name": "Generative Avatars",
      "description": "DungeonMaster",
      "imageURL": "https://i.seadn.io/gcs/files/5458741b82bee12239eb6e86b682f764.gif?auto=format&dpr=1&w=256",
      "rating": 5,
      "price": "0.05ETH",
      "link": "Product3.html"
    },
    {
      "name": "Majestics",
      "description": "Wreck League",
      "imageURL": "https://dl.openseauserdata.com/cache/originImage/files/026daa81be3a03e97c38b6c497dd1547.png",
      "rating": 5,
      "price": "0.05ETH",
      "link": "Product4.html"
    },
    {
      "name": "Parallel Alpha",
      "description": "Parallel",
      "imageURL": "https://i.seadn.io/gcs/files/fbefa1b41f7883f332c66288c3661813.gif?auto=format&dpr=1&w=256",
      "rating": 5,
      "price": "0.05ETH",
      "link": "Product5.html"
    },
    {
      "name": "Yacht Club",
      "description": "Mutant Ape",
      "imageURL": "https://dl.openseauserdata.com/cache/originImage/files/417dbfa97b2bc691475ad74af189d4a5.png",
      "rating": 5,
      "price": "0.05ETH",
      "link": "Product6.html"
    },
    {
      "name": "Blips",
      "description": "UHMMMM",
      "imageURL": "https://i.seadn.io/gae/oyEO1RajjrJuCYtbXX9Oa3FhoRvX5BO_TkFc8PTUkN5egJwFG2mlM0lRl7zuOvBj_HciCY35D4exJm0b3DZya6qxpyhk0aBN7oCH?auto=format&dpr=1&w=256",
      "rating": 5,
      "price": "0.05ETH",
      "link": "Product7.html"
    },
    {
      "name": "Punks",
      "description": "PFT",
      "imageURL": "https://i.seadn.io/gcs/files/b00ac40b1be4c491b46a65a98fa21480.gif?auto=format&dpr=1&w=256",
      "rating": 5,
      "price": "0.05ETH",
      "link": "Product8.html"
    }
  ]